step,design:pTM,design:global_pLDDT,design:hydrophobic,design:state_energy,system_energy
0,-0.19685674,-0.49392977,0.3442211055276382,1.0303191,1.0303191
1,-0.19685674,-0.49392977,0.3442211055276382,1.0303191,1.0303191
2,-0.19685674,-0.49392977,0.3442211055276382,1.0303191,1.0303191
3,-0.19685674,-0.49392977,0.3442211055276382,1.0303191,1.0303191
4,-0.19685674,-0.49392977,0.3442211055276382,1.0303191,1.0303191
5,-0.10362014,-0.47916153,0.32061068702290074,1.0202718,1.0202718
6,-0.104053125,-0.4843223,0.3197969543147208,1.0106093,1.0106093
7,-0.10469474,-0.4541277,0.30434782608695654,0.9629167,0.9629167
8,-0.10497676,-0.444082,0.2828282828282828,0.8650827,0.8650827
9,-0.10497676,-0.444082,0.2828282828282828,0.8650827,0.8650827
10,-0.10497676,-0.444082,0.2828282828282828,0.8650827,0.8650827
11,-0.10657575,-0.4437656,0.2619647355163728,0.75948226,0.75948226
12,-0.10657575,-0.4437656,0.2619647355163728,0.75948226,0.75948226
13,-0.10657575,-0.4437656,0.2619647355163728,0.75948226,0.75948226
14,-0.10657575,-0.4437656,0.2619647355163728,0.75948226,0.75948226
15,-0.10565185,-0.43247524,0.25806451612903225,0.7521955,0.7521955
16,-0.10565185,-0.43247524,0.25806451612903225,0.7521955,0.7521955
17,-0.10565185,-0.43247524,0.25806451612903225,0.7521955,0.7521955
18,-0.10565185,-0.43247524,0.25806451612903225,0.7521955,0.7521955
19,-0.10565185,-0.43247524,0.25806451612903225,0.7521955,0.7521955
20,-0.10565185,-0.43247524,0.25806451612903225,0.7521955,0.7521955
21,-0.10565185,-0.43247524,0.25806451612903225,0.7521955,0.7521955
22,-0.10565185,-0.43247524,0.25806451612903225,0.7521955,0.7521955
23,-0.10565185,-0.43247524,0.25806451612903225,0.7521955,0.7521955
24,-0.10565185,-0.43247524,0.25806451612903225,0.7521955,0.7521955
25,-0.10565185,-0.43247524,0.25806451612903225,0.7521955,0.7521955
26,-0.10565185,-0.43247524,0.25806451612903225,0.7521955,0.7521955
27,-0.10565185,-0.43247524,0.25806451612903225,0.7521955,0.7521955
28,-0.10565185,-0.43247524,0.25806451612903225,0.7521955,0.7521955
29,-0.10565185,-0.43247524,0.25806451612903225,0.7521955,0.7521955
30,-0.10565185,-0.43247524,0.25806451612903225,0.7521955,0.7521955
31,-0.10565185,-0.43247524,0.25806451612903225,0.7521955,0.7521955
32,-0.10565185,-0.43247524,0.25806451612903225,0.7521955,0.7521955
33,-0.10565185,-0.43247524,0.25806451612903225,0.7521955,0.7521955
34,-0.10565185,-0.43247524,0.25806451612903225,0.7521955,0.7521955
35,-0.10565185,-0.43247524,0.25806451612903225,0.7521955,0.7521955
36,-0.10565185,-0.43247524,0.25806451612903225,0.7521955,0.7521955
37,-0.10565185,-0.43247524,0.25806451612903225,0.7521955,0.7521955
38,-0.10565185,-0.43247524,0.25806451612903225,0.7521955,0.7521955
39,-0.10565185,-0.43247524,0.25806451612903225,0.7521955,0.7521955
40,-0.10565185,-0.43247524,0.25806451612903225,0.7521955,0.7521955
41,-0.10565185,-0.43247524,0.25806451612903225,0.7521955,0.7521955
42,-0.10565185,-0.43247524,0.25806451612903225,0.7521955,0.7521955
43,-0.10565185,-0.43247524,0.25806451612903225,0.7521955,0.7521955
44,-0.10565185,-0.43247524,0.25806451612903225,0.7521955,0.7521955
45,-0.10565185,-0.43247524,0.25806451612903225,0.7521955,0.7521955
46,-0.10565185,-0.43247524,0.25806451612903225,0.7521955,0.7521955
47,-0.10565185,-0.43247524,0.25806451612903225,0.7521955,0.7521955
48,-0.10565185,-0.43247524,0.25806451612903225,0.7521955,0.7521955
49,-0.10565185,-0.43247524,0.25806451612903225,0.7521955,0.7521955
50,-0.10565185,-0.43247524,0.25806451612903225,0.7521955,0.7521955
51,-0.10565185,-0.43247524,0.25806451612903225,0.7521955,0.7521955
52,-0.10565185,-0.43247524,0.25806451612903225,0.7521955,0.7521955
53,-0.10565185,-0.43247524,0.25806451612903225,0.7521955,0.7521955
54,-0.10565185,-0.43247524,0.25806451612903225,0.7521955,0.7521955
55,-0.10565185,-0.43247524,0.25806451612903225,0.7521955,0.7521955
56,-0.10565185,-0.43247524,0.25806451612903225,0.7521955,0.7521955
57,-0.10565185,-0.43247524,0.25806451612903225,0.7521955,0.7521955
58,-0.10565185,-0.43247524,0.25806451612903225,0.7521955,0.7521955
59,-0.10565185,-0.43247524,0.25806451612903225,0.7521955,0.7521955
60,-0.10565185,-0.43247524,0.25806451612903225,0.7521955,0.7521955
61,-0.10565185,-0.43247524,0.25806451612903225,0.7521955,0.7521955
62,-0.10565185,-0.43247524,0.25806451612903225,0.7521955,0.7521955
63,-0.10565185,-0.43247524,0.25806451612903225,0.7521955,0.7521955
64,-0.10565185,-0.43247524,0.25806451612903225,0.7521955,0.7521955
65,-0.10565185,-0.43247524,0.25806451612903225,0.7521955,0.7521955
66,-0.10565185,-0.43247524,0.25806451612903225,0.7521955,0.7521955
67,-0.10565185,-0.43247524,0.25806451612903225,0.7521955,0.7521955
68,-0.10565185,-0.43247524,0.25806451612903225,0.7521955,0.7521955
69,-0.10565185,-0.43247524,0.25806451612903225,0.7521955,0.7521955
70,-0.10565185,-0.43247524,0.25806451612903225,0.7521955,0.7521955
71,-0.10565185,-0.43247524,0.25806451612903225,0.7521955,0.7521955
72,-0.10565185,-0.43247524,0.25806451612903225,0.7521955,0.7521955
73,-0.10565185,-0.43247524,0.25806451612903225,0.7521955,0.7521955
74,-0.10565185,-0.43247524,0.25806451612903225,0.7521955,0.7521955
75,-0.10565185,-0.43247524,0.25806451612903225,0.7521955,0.7521955
76,-0.10565185,-0.43247524,0.25806451612903225,0.7521955,0.7521955
77,-0.10565185,-0.43247524,0.25806451612903225,0.7521955,0.7521955
78,-0.10565185,-0.43247524,0.25806451612903225,0.7521955,0.7521955
79,-0.10565185,-0.43247524,0.25806451612903225,0.7521955,0.7521955
80,-0.10565185,-0.43247524,0.25806451612903225,0.7521955,0.7521955
81,-0.10565185,-0.43247524,0.25806451612903225,0.7521955,0.7521955
82,-0.10565185,-0.43247524,0.25806451612903225,0.7521955,0.7521955
83,-0.10565185,-0.43247524,0.25806451612903225,0.7521955,0.7521955
84,-0.10565185,-0.43247524,0.25806451612903225,0.7521955,0.7521955
85,-0.10565185,-0.43247524,0.25806451612903225,0.7521955,0.7521955
86,-0.10565185,-0.43247524,0.25806451612903225,0.7521955,0.7521955
87,-0.10565185,-0.43247524,0.25806451612903225,0.7521955,0.7521955
88,-0.10565185,-0.43247524,0.25806451612903225,0.7521955,0.7521955
89,-0.10565185,-0.43247524,0.25806451612903225,0.7521955,0.7521955
90,-0.10565185,-0.43247524,0.25806451612903225,0.7521955,0.7521955
91,-0.10565185,-0.43247524,0.25806451612903225,0.7521955,0.7521955
92,-0.10565185,-0.43247524,0.25806451612903225,0.7521955,0.7521955
93,-0.10565185,-0.43247524,0.25806451612903225,0.7521955,0.7521955
94,-0.10565185,-0.43247524,0.25806451612903225,0.7521955,0.7521955
95,-0.10565185,-0.43247524,0.25806451612903225,0.7521955,0.7521955
96,-0.10565185,-0.43247524,0.25806451612903225,0.7521955,0.7521955
97,-0.10565185,-0.43247524,0.25806451612903225,0.7521955,0.7521955
98,-0.10565185,-0.43247524,0.25806451612903225,0.7521955,0.7521955
99,-0.10565185,-0.43247524,0.25806451612903225,0.7521955,0.7521955
100,-0.10565185,-0.43247524,0.25806451612903225,0.7521955,0.7521955
101,-0.10565185,-0.43247524,0.25806451612903225,0.7521955,0.7521955
102,-0.10565185,-0.43247524,0.25806451612903225,0.7521955,0.7521955
103,-0.10565185,-0.43247524,0.25806451612903225,0.7521955,0.7521955
104,-0.10565185,-0.43247524,0.25806451612903225,0.7521955,0.7521955
105,-0.10565185,-0.43247524,0.25806451612903225,0.7521955,0.7521955
106,-0.10565185,-0.43247524,0.25806451612903225,0.7521955,0.7521955
107,-0.10565185,-0.43247524,0.25806451612903225,0.7521955,0.7521955
108,-0.10565185,-0.43247524,0.25806451612903225,0.7521955,0.7521955
109,-0.10565185,-0.43247524,0.25806451612903225,0.7521955,0.7521955
110,-0.10565185,-0.43247524,0.25806451612903225,0.7521955,0.7521955
111,-0.10565185,-0.43247524,0.25806451612903225,0.7521955,0.7521955
112,-0.10565185,-0.43247524,0.25806451612903225,0.7521955,0.7521955
113,-0.10565185,-0.43247524,0.25806451612903225,0.7521955,0.7521955
114,-0.10565185,-0.43247524,0.25806451612903225,0.7521955,0.7521955
115,-0.10565185,-0.43247524,0.25806451612903225,0.7521955,0.7521955
116,-0.10565185,-0.43247524,0.25806451612903225,0.7521955,0.7521955
117,-0.10565185,-0.43247524,0.25806451612903225,0.7521955,0.7521955
118,-0.10565185,-0.43247524,0.25806451612903225,0.7521955,0.7521955
119,-0.10565185,-0.43247524,0.25806451612903225,0.7521955,0.7521955
120,-0.10565185,-0.43247524,0.25806451612903225,0.7521955,0.7521955
121,-0.10565185,-0.43247524,0.25806451612903225,0.7521955,0.7521955
122,-0.10565185,-0.43247524,0.25806451612903225,0.7521955,0.7521955
123,-0.10565185,-0.43247524,0.25806451612903225,0.7521955,0.7521955
124,-0.10565185,-0.43247524,0.25806451612903225,0.7521955,0.7521955
125,-0.10565185,-0.43247524,0.25806451612903225,0.7521955,0.7521955
126,-0.10565185,-0.43247524,0.25806451612903225,0.7521955,0.7521955
127,-0.10565185,-0.43247524,0.25806451612903225,0.7521955,0.7521955
128,-0.10565185,-0.43247524,0.25806451612903225,0.7521955,0.7521955
129,-0.10565185,-0.43247524,0.25806451612903225,0.7521955,0.7521955
130,-0.10565185,-0.43247524,0.25806451612903225,0.7521955,0.7521955
131,-0.10565185,-0.43247524,0.25806451612903225,0.7521955,0.7521955
132,-0.10565185,-0.43247524,0.25806451612903225,0.7521955,0.7521955
133,-0.10565185,-0.43247524,0.25806451612903225,0.7521955,0.7521955
134,-0.10565185,-0.43247524,0.25806451612903225,0.7521955,0.7521955
135,-0.10565185,-0.43247524,0.25806451612903225,0.7521955,0.7521955
136,-0.10565185,-0.43247524,0.25806451612903225,0.7521955,0.7521955
137,-0.10565185,-0.43247524,0.25806451612903225,0.7521955,0.7521955
138,-0.10565185,-0.43247524,0.25806451612903225,0.7521955,0.7521955
139,-0.10565185,-0.43247524,0.25806451612903225,0.7521955,0.7521955
140,-0.10565185,-0.43247524,0.25806451612903225,0.7521955,0.7521955
141,-0.10565185,-0.43247524,0.25806451612903225,0.7521955,0.7521955
142,-0.10565185,-0.43247524,0.25806451612903225,0.7521955,0.7521955
143,-0.16401151,-0.5516388,0.28841607565011823,0.72643006,0.72643006
144,-0.104127854,-0.5287942,0.2714285714285714,0.72422075,0.72422075
145,-0.1605701,-0.56352687,0.27014218009478674,0.6266139,0.6266139
146,-0.2059832,-0.55186236,0.26697892271662765,0.5770491,0.5770491
147,-0.18848379,-0.5502031,0.24766355140186916,0.49963087,0.49963087
148,-0.1726138,-0.54701537,0.2224824355971897,0.39278305,0.39278305
149,-0.17060935,-0.5486026,0.19058823529411764,0.23372924,0.23372924
150,-0.18471739,-0.5434248,0.1888111888111888,0.21591377,0.21591377
151,-0.18471739,-0.5434248,0.1888111888111888,0.21591377,0.21591377
152,-0.206381,-0.5517562,0.18969555035128804,0.19034052,0.19034052
153,-0.22930409,-0.55638814,0.19058823529411764,0.16724896,0.16724896
154,-0.22930409,-0.55638814,0.19058823529411764,0.16724896,0.16724896
155,-0.22930409,-0.55638814,0.19058823529411764,0.16724896,0.16724896
156,-0.22930409,-0.55638814,0.19058823529411764,0.16724896,0.16724896
157,-0.22930409,-0.55638814,0.19058823529411764,0.16724896,0.16724896
158,-0.22930409,-0.55638814,0.19058823529411764,0.16724896,0.16724896
159,-0.22930409,-0.55638814,0.19058823529411764,0.16724896,0.16724896
160,-0.22930409,-0.55638814,0.19058823529411764,0.16724896,0.16724896
161,-0.22930409,-0.55638814,0.19058823529411764,0.16724896,0.16724896
162,-0.22930409,-0.55638814,0.19058823529411764,0.16724896,0.16724896
163,-0.22930409,-0.55638814,0.19058823529411764,0.16724896,0.16724896
164,-0.22930409,-0.55638814,0.19058823529411764,0.16724896,0.16724896
165,-0.22930409,-0.55638814,0.19058823529411764,0.16724896,0.16724896
166,-0.22930409,-0.55638814,0.19058823529411764,0.16724896,0.16724896
167,-0.22930409,-0.55638814,0.19058823529411764,0.16724896,0.16724896
168,-0.22930409,-0.55638814,0.19058823529411764,0.16724896,0.16724896
169,-0.22930409,-0.55638814,0.19058823529411764,0.16724896,0.16724896
170,-0.22930409,-0.55638814,0.19058823529411764,0.16724896,0.16724896
171,-0.22930409,-0.55638814,0.19058823529411764,0.16724896,0.16724896
172,-0.22930409,-0.55638814,0.19058823529411764,0.16724896,0.16724896
173,-0.22930409,-0.55638814,0.19058823529411764,0.16724896,0.16724896
174,-0.22930409,-0.55638814,0.19058823529411764,0.16724896,0.16724896
175,-0.22930409,-0.55638814,0.19058823529411764,0.16724896,0.16724896
176,-0.22930409,-0.55638814,0.19058823529411764,0.16724896,0.16724896
177,-0.22930409,-0.55638814,0.19058823529411764,0.16724896,0.16724896
178,-0.22930409,-0.55638814,0.19058823529411764,0.16724896,0.16724896
179,-0.22930409,-0.55638814,0.19058823529411764,0.16724896,0.16724896
180,-0.22930409,-0.55638814,0.19058823529411764,0.16724896,0.16724896
181,-0.22930409,-0.55638814,0.19058823529411764,0.16724896,0.16724896
182,-0.22930409,-0.55638814,0.19058823529411764,0.16724896,0.16724896
183,-0.22930409,-0.55638814,0.19058823529411764,0.16724896,0.16724896
184,-0.22930409,-0.55638814,0.19058823529411764,0.16724896,0.16724896
185,-0.22930409,-0.55638814,0.19058823529411764,0.16724896,0.16724896
186,-0.22930409,-0.55638814,0.19058823529411764,0.16724896,0.16724896
187,-0.22930409,-0.55638814,0.19058823529411764,0.16724896,0.16724896
188,-0.22930409,-0.55638814,0.19058823529411764,0.16724896,0.16724896
189,-0.22930409,-0.55638814,0.19058823529411764,0.16724896,0.16724896
190,-0.22930409,-0.55638814,0.19058823529411764,0.16724896,0.16724896
191,-0.22930409,-0.55638814,0.19058823529411764,0.16724896,0.16724896
192,-0.22930409,-0.55638814,0.19058823529411764,0.16724896,0.16724896
193,-0.22930409,-0.55638814,0.19058823529411764,0.16724896,0.16724896
194,-0.22930409,-0.55638814,0.19058823529411764,0.16724896,0.16724896
195,-0.22930409,-0.55638814,0.19058823529411764,0.16724896,0.16724896
196,-0.22930409,-0.55638814,0.19058823529411764,0.16724896,0.16724896
197,-0.22930409,-0.55638814,0.19058823529411764,0.16724896,0.16724896
198,-0.22930409,-0.55638814,0.19058823529411764,0.16724896,0.16724896
199,-0.22930409,-0.55638814,0.19058823529411764,0.16724896,0.16724896
200,-0.22930409,-0.55638814,0.19058823529411764,0.16724896,0.16724896
201,-0.22930409,-0.55638814,0.19058823529411764,0.16724896,0.16724896
202,-0.22930409,-0.55638814,0.19058823529411764,0.16724896,0.16724896
203,-0.22930409,-0.55638814,0.19058823529411764,0.16724896,0.16724896
204,-0.22930409,-0.55638814,0.19058823529411764,0.16724896,0.16724896
205,-0.22930409,-0.55638814,0.19058823529411764,0.16724896,0.16724896
206,-0.22930409,-0.55638814,0.19058823529411764,0.16724896,0.16724896
207,-0.22930409,-0.55638814,0.19058823529411764,0.16724896,0.16724896
208,-0.22930409,-0.55638814,0.19058823529411764,0.16724896,0.16724896
209,-0.22930409,-0.55638814,0.19058823529411764,0.16724896,0.16724896
210,-0.22930409,-0.55638814,0.19058823529411764,0.16724896,0.16724896
211,-0.22930409,-0.55638814,0.19058823529411764,0.16724896,0.16724896
212,-0.22930409,-0.55638814,0.19058823529411764,0.16724896,0.16724896
213,-0.22930409,-0.55638814,0.19058823529411764,0.16724896,0.16724896
214,-0.22930409,-0.55638814,0.19058823529411764,0.16724896,0.16724896
215,-0.22930409,-0.55638814,0.19058823529411764,0.16724896,0.16724896
216,-0.22930409,-0.55638814,0.19058823529411764,0.16724896,0.16724896
217,-0.22930409,-0.55638814,0.19058823529411764,0.16724896,0.16724896
218,-0.22930409,-0.55638814,0.19058823529411764,0.16724896,0.16724896
219,-0.22930409,-0.55638814,0.19058823529411764,0.16724896,0.16724896
220,-0.22930409,-0.55638814,0.19058823529411764,0.16724896,0.16724896
221,-0.22930409,-0.55638814,0.19058823529411764,0.16724896,0.16724896
222,-0.22930409,-0.55638814,0.19058823529411764,0.16724896,0.16724896
223,-0.22930409,-0.55638814,0.19058823529411764,0.16724896,0.16724896
224,-0.22930409,-0.55638814,0.19058823529411764,0.16724896,0.16724896
225,-0.22930409,-0.55638814,0.19058823529411764,0.16724896,0.16724896
226,-0.22930409,-0.55638814,0.19058823529411764,0.16724896,0.16724896
227,-0.22930409,-0.55638814,0.19058823529411764,0.16724896,0.16724896
228,-0.22930409,-0.55638814,0.19058823529411764,0.16724896,0.16724896
229,-0.22930409,-0.55638814,0.19058823529411764,0.16724896,0.16724896
230,-0.22930409,-0.55638814,0.19058823529411764,0.16724896,0.16724896
231,-0.22930409,-0.55638814,0.19058823529411764,0.16724896,0.16724896
232,-0.22930409,-0.55638814,0.19058823529411764,0.16724896,0.16724896
233,-0.22930409,-0.55638814,0.19058823529411764,0.16724896,0.16724896
234,-0.22930409,-0.55638814,0.19058823529411764,0.16724896,0.16724896
235,-0.22930409,-0.55638814,0.19058823529411764,0.16724896,0.16724896
236,-0.22930409,-0.55638814,0.19058823529411764,0.16724896,0.16724896
237,-0.22930409,-0.55638814,0.19058823529411764,0.16724896,0.16724896
238,-0.22930409,-0.55638814,0.19058823529411764,0.16724896,0.16724896
239,-0.22930409,-0.55638814,0.19058823529411764,0.16724896,0.16724896
240,-0.22930409,-0.55638814,0.19058823529411764,0.16724896,0.16724896
241,-0.22930409,-0.55638814,0.19058823529411764,0.16724896,0.16724896
242,-0.22930409,-0.55638814,0.19058823529411764,0.16724896,0.16724896
243,-0.22930409,-0.55638814,0.19058823529411764,0.16724896,0.16724896
244,-0.22930409,-0.55638814,0.19058823529411764,0.16724896,0.16724896
245,-0.22930409,-0.55638814,0.19058823529411764,0.16724896,0.16724896
246,-0.22930409,-0.55638814,0.19058823529411764,0.16724896,0.16724896
247,-0.22930409,-0.55638814,0.19058823529411764,0.16724896,0.16724896
248,-0.22930409,-0.55638814,0.19058823529411764,0.16724896,0.16724896
249,-0.22930409,-0.55638814,0.19058823529411764,0.16724896,0.16724896
250,-0.22930409,-0.55638814,0.19058823529411764,0.16724896,0.16724896
251,-0.22930409,-0.55638814,0.19058823529411764,0.16724896,0.16724896
252,-0.22930409,-0.55638814,0.19058823529411764,0.16724896,0.16724896
253,-0.22930409,-0.55638814,0.19058823529411764,0.16724896,0.16724896
254,-0.22930409,-0.55638814,0.19058823529411764,0.16724896,0.16724896
255,-0.22930409,-0.55638814,0.19058823529411764,0.16724896,0.16724896
256,-0.22930409,-0.55638814,0.19058823529411764,0.16724896,0.16724896
257,-0.22930409,-0.55638814,0.19058823529411764,0.16724896,0.16724896
258,-0.22930409,-0.55638814,0.19058823529411764,0.16724896,0.16724896
259,-0.22930409,-0.55638814,0.19058823529411764,0.16724896,0.16724896
260,-0.22930409,-0.55638814,0.19058823529411764,0.16724896,0.16724896
261,-0.22930409,-0.55638814,0.19058823529411764,0.16724896,0.16724896
262,-0.22930409,-0.55638814,0.19058823529411764,0.16724896,0.16724896
263,-0.22930409,-0.55638814,0.19058823529411764,0.16724896,0.16724896
264,-0.22930409,-0.55638814,0.19058823529411764,0.16724896,0.16724896
265,-0.22930409,-0.55638814,0.19058823529411764,0.16724896,0.16724896
266,-0.22930409,-0.55638814,0.19058823529411764,0.16724896,0.16724896
267,-0.22930409,-0.55638814,0.19058823529411764,0.16724896,0.16724896
268,-0.22930409,-0.55638814,0.19058823529411764,0.16724896,0.16724896
269,-0.22930409,-0.55638814,0.19058823529411764,0.16724896,0.16724896
270,-0.22930409,-0.55638814,0.19058823529411764,0.16724896,0.16724896
271,-0.22930409,-0.55638814,0.19058823529411764,0.16724896,0.16724896
272,-0.22930409,-0.55638814,0.19058823529411764,0.16724896,0.16724896
273,-0.22930409,-0.55638814,0.19058823529411764,0.16724896,0.16724896
274,-0.22930409,-0.55638814,0.19058823529411764,0.16724896,0.16724896
275,-0.22930409,-0.55638814,0.19058823529411764,0.16724896,0.16724896
276,-0.22930409,-0.55638814,0.19058823529411764,0.16724896,0.16724896
277,-0.22930409,-0.55638814,0.19058823529411764,0.16724896,0.16724896
278,-0.22930409,-0.55638814,0.19058823529411764,0.16724896,0.16724896
279,-0.22930409,-0.55638814,0.19058823529411764,0.16724896,0.16724896
280,-0.22930409,-0.55638814,0.19058823529411764,0.16724896,0.16724896
281,-0.22930409,-0.55638814,0.19058823529411764,0.16724896,0.16724896
282,-0.22930409,-0.55638814,0.19058823529411764,0.16724896,0.16724896
283,-0.22930409,-0.55638814,0.19058823529411764,0.16724896,0.16724896
284,-0.22930409,-0.55638814,0.19058823529411764,0.16724896,0.16724896
285,-0.22930409,-0.55638814,0.19058823529411764,0.16724896,0.16724896
286,-0.22930409,-0.55638814,0.19058823529411764,0.16724896,0.16724896
287,-0.22930409,-0.55638814,0.19058823529411764,0.16724896,0.16724896
288,-0.22930409,-0.55638814,0.19058823529411764,0.16724896,0.16724896
289,-0.22930409,-0.55638814,0.19058823529411764,0.16724896,0.16724896
290,-0.22930409,-0.55638814,0.19058823529411764,0.16724896,0.16724896
291,-0.22930409,-0.55638814,0.19058823529411764,0.16724896,0.16724896
292,-0.22930409,-0.55638814,0.19058823529411764,0.16724896,0.16724896
293,-0.22930409,-0.55638814,0.19058823529411764,0.16724896,0.16724896
294,-0.22930409,-0.55638814,0.19058823529411764,0.16724896,0.16724896
295,-0.22930409,-0.55638814,0.19058823529411764,0.16724896,0.16724896
296,-0.22930409,-0.55638814,0.19058823529411764,0.16724896,0.16724896
297,-0.22930409,-0.55638814,0.19058823529411764,0.16724896,0.16724896
298,-0.22930409,-0.55638814,0.19058823529411764,0.16724896,0.16724896
299,-0.22930409,-0.55638814,0.19058823529411764,0.16724896,0.16724896
300,-0.22930409,-0.55638814,0.19058823529411764,0.16724896,0.16724896
301,-0.22930409,-0.55638814,0.19058823529411764,0.16724896,0.16724896
302,-0.22930409,-0.55638814,0.19058823529411764,0.16724896,0.16724896
303,-0.22930409,-0.55638814,0.19058823529411764,0.16724896,0.16724896
304,-0.22930409,-0.55638814,0.19058823529411764,0.16724896,0.16724896
305,-0.22930409,-0.55638814,0.19058823529411764,0.16724896,0.16724896
306,-0.22930409,-0.55638814,0.19058823529411764,0.16724896,0.16724896
307,-0.22930409,-0.55638814,0.19058823529411764,0.16724896,0.16724896
308,-0.22930409,-0.55638814,0.19058823529411764,0.16724896,0.16724896
309,-0.22930409,-0.55638814,0.19058823529411764,0.16724896,0.16724896
310,-0.22930409,-0.55638814,0.19058823529411764,0.16724896,0.16724896
311,-0.22930409,-0.55638814,0.19058823529411764,0.16724896,0.16724896
312,-0.22930409,-0.55638814,0.19058823529411764,0.16724896,0.16724896
313,-0.22930409,-0.55638814,0.19058823529411764,0.16724896,0.16724896
314,-0.22930409,-0.55638814,0.19058823529411764,0.16724896,0.16724896
315,-0.22930409,-0.55638814,0.19058823529411764,0.16724896,0.16724896
316,-0.22930409,-0.55638814,0.19058823529411764,0.16724896,0.16724896
317,-0.22930409,-0.55638814,0.19058823529411764,0.16724896,0.16724896
318,-0.22930409,-0.55638814,0.19058823529411764,0.16724896,0.16724896
319,-0.22930409,-0.55638814,0.19058823529411764,0.16724896,0.16724896
320,-0.4794083,-0.7707126,0.2822384428223844,0.1610713,0.1610713
321,-0.4794083,-0.7707126,0.2822384428223844,0.1610713,0.1610713
322,-0.4794083,-0.7707126,0.2822384428223844,0.1610713,0.1610713
323,-0.4794083,-0.7707126,0.2822384428223844,0.1610713,0.1610713
324,-0.48030478,-0.7665107,0.27710843373493976,0.13872671,0.13872671
325,-0.49276516,-0.77213395,0.2804878048780488,0.13753986,0.13753986
326,-0.47762054,-0.7680307,0.26150121065375304,0.06185484,0.06185484
327,-0.47762054,-0.7680307,0.26150121065375304,0.06185484,0.06185484
328,-0.47762054,-0.7680307,0.26150121065375304,0.06185484,0.06185484
329,-0.47762054,-0.7680307,0.26150121065375304,0.06185484,0.06185484
330,-0.47762054,-0.7680307,0.26150121065375304,0.06185484,0.06185484
331,-0.47762054,-0.7680307,0.26150121065375304,0.06185484,0.06185484
332,-0.47762054,-0.7680307,0.26150121065375304,0.06185484,0.06185484
333,-0.47762054,-0.7680307,0.26150121065375304,0.06185484,0.06185484
334,-0.47762054,-0.7680307,0.26150121065375304,0.06185484,0.06185484
335,-0.47762054,-0.7680307,0.26150121065375304,0.06185484,0.06185484
336,-0.47762054,-0.7680307,0.26150121065375304,0.06185484,0.06185484
337,-0.47762054,-0.7680307,0.26150121065375304,0.06185484,0.06185484
338,-0.47762054,-0.7680307,0.26150121065375304,0.06185484,0.06185484
339,-0.47762054,-0.7680307,0.26150121065375304,0.06185484,0.06185484
340,-0.47762054,-0.7680307,0.26150121065375304,0.06185484,0.06185484
341,-0.47762054,-0.7680307,0.26150121065375304,0.06185484,0.06185484
342,-0.47762054,-0.7680307,0.26150121065375304,0.06185484,0.06185484
343,-0.47762054,-0.7680307,0.26150121065375304,0.06185484,0.06185484
344,-0.47762054,-0.7680307,0.26150121065375304,0.06185484,0.06185484
345,-0.47762054,-0.7680307,0.26150121065375304,0.06185484,0.06185484
346,-0.47762054,-0.7680307,0.26150121065375304,0.06185484,0.06185484
347,-0.47762054,-0.7680307,0.26150121065375304,0.06185484,0.06185484
348,-0.47762054,-0.7680307,0.26150121065375304,0.06185484,0.06185484
349,-0.47762054,-0.7680307,0.26150121065375304,0.06185484,0.06185484
350,-0.47762054,-0.7680307,0.26150121065375304,0.06185484,0.06185484
351,-0.47762054,-0.7680307,0.26150121065375304,0.06185484,0.06185484
352,-0.47762054,-0.7680307,0.26150121065375304,0.06185484,0.06185484
353,-0.47762054,-0.7680307,0.26150121065375304,0.06185484,0.06185484
354,-0.47762054,-0.7680307,0.26150121065375304,0.06185484,0.06185484
355,-0.47762054,-0.7680307,0.26150121065375304,0.06185484,0.06185484
356,-0.47762054,-0.7680307,0.26150121065375304,0.06185484,0.06185484
357,-0.47762054,-0.7680307,0.26150121065375304,0.06185484,0.06185484
358,-0.47762054,-0.7680307,0.26150121065375304,0.06185484,0.06185484
359,-0.47762054,-0.7680307,0.26150121065375304,0.06185484,0.06185484
360,-0.47762054,-0.7680307,0.26150121065375304,0.06185484,0.06185484
361,-0.47762054,-0.7680307,0.26150121065375304,0.06185484,0.06185484
362,-0.47762054,-0.7680307,0.26150121065375304,0.06185484,0.06185484
363,-0.47762054,-0.7680307,0.26150121065375304,0.06185484,0.06185484
364,-0.47762054,-0.7680307,0.26150121065375304,0.06185484,0.06185484
365,-0.47762054,-0.7680307,0.26150121065375304,0.06185484,0.06185484
366,-0.47762054,-0.7680307,0.26150121065375304,0.06185484,0.06185484
367,-0.47762054,-0.7680307,0.26150121065375304,0.06185484,0.06185484
368,-0.47762054,-0.7680307,0.26150121065375304,0.06185484,0.06185484
369,-0.47762054,-0.7680307,0.26150121065375304,0.06185484,0.06185484
370,-0.47762054,-0.7680307,0.26150121065375304,0.06185484,0.06185484
371,-0.47762054,-0.7680307,0.26150121065375304,0.06185484,0.06185484
372,-0.47762054,-0.7680307,0.26150121065375304,0.06185484,0.06185484
373,-0.47762054,-0.7680307,0.26150121065375304,0.06185484,0.06185484
374,-0.47762054,-0.7680307,0.26150121065375304,0.06185484,0.06185484
375,-0.47762054,-0.7680307,0.26150121065375304,0.06185484,0.06185484
376,-0.47762054,-0.7680307,0.26150121065375304,0.06185484,0.06185484
377,-0.47762054,-0.7680307,0.26150121065375304,0.06185484,0.06185484
378,-0.47762054,-0.7680307,0.26150121065375304,0.06185484,0.06185484
379,-0.47762054,-0.7680307,0.26150121065375304,0.06185484,0.06185484
380,-0.47762054,-0.7680307,0.26150121065375304,0.06185484,0.06185484
381,-0.47762054,-0.7680307,0.26150121065375304,0.06185484,0.06185484
382,-0.47762054,-0.7680307,0.26150121065375304,0.06185484,0.06185484
383,-0.47762054,-0.7680307,0.26150121065375304,0.06185484,0.06185484
384,-0.47762054,-0.7680307,0.26150121065375304,0.06185484,0.06185484
385,-0.47762054,-0.7680307,0.26150121065375304,0.06185484,0.06185484
386,-0.47762054,-0.7680307,0.26150121065375304,0.06185484,0.06185484
387,-0.47762054,-0.7680307,0.26150121065375304,0.06185484,0.06185484
388,-0.47762054,-0.7680307,0.26150121065375304,0.06185484,0.06185484
389,-0.47762054,-0.7680307,0.26150121065375304,0.06185484,0.06185484
390,-0.47762054,-0.7680307,0.26150121065375304,0.06185484,0.06185484
391,-0.47762054,-0.7680307,0.26150121065375304,0.06185484,0.06185484
392,-0.47762054,-0.7680307,0.26150121065375304,0.06185484,0.06185484
393,-0.47762054,-0.7680307,0.26150121065375304,0.06185484,0.06185484
394,-0.47762054,-0.7680307,0.26150121065375304,0.06185484,0.06185484
395,-0.47762054,-0.7680307,0.26150121065375304,0.06185484,0.06185484
396,-0.47762054,-0.7680307,0.26150121065375304,0.06185484,0.06185484
397,-0.47762054,-0.7680307,0.26150121065375304,0.06185484,0.06185484
398,-0.47762054,-0.7680307,0.26150121065375304,0.06185484,0.06185484
399,-0.47762054,-0.7680307,0.26150121065375304,0.06185484,0.06185484
400,-0.47762054,-0.7680307,0.26150121065375304,0.06185484,0.06185484
401,-0.47762054,-0.7680307,0.26150121065375304,0.06185484,0.06185484
402,-0.47762054,-0.7680307,0.26150121065375304,0.06185484,0.06185484
403,-0.47762054,-0.7680307,0.26150121065375304,0.06185484,0.06185484
404,-0.47762054,-0.7680307,0.26150121065375304,0.06185484,0.06185484
405,-0.47762054,-0.7680307,0.26150121065375304,0.06185484,0.06185484
406,-0.47762054,-0.7680307,0.26150121065375304,0.06185484,0.06185484
407,-0.47762054,-0.7680307,0.26150121065375304,0.06185484,0.06185484
408,-0.47762054,-0.7680307,0.26150121065375304,0.06185484,0.06185484
409,-0.47762054,-0.7680307,0.26150121065375304,0.06185484,0.06185484
410,-0.47762054,-0.7680307,0.26150121065375304,0.06185484,0.06185484
411,-0.47762054,-0.7680307,0.26150121065375304,0.06185484,0.06185484
412,-0.47762054,-0.7680307,0.26150121065375304,0.06185484,0.06185484
413,-0.47762054,-0.7680307,0.26150121065375304,0.06185484,0.06185484
414,-0.47762054,-0.7680307,0.26150121065375304,0.06185484,0.06185484
415,-0.47762054,-0.7680307,0.26150121065375304,0.06185484,0.06185484
416,-0.47762054,-0.7680307,0.26150121065375304,0.06185484,0.06185484
417,-0.47762054,-0.7680307,0.26150121065375304,0.06185484,0.06185484
418,-0.47762054,-0.7680307,0.26150121065375304,0.06185484,0.06185484
419,-0.47762054,-0.7680307,0.26150121065375304,0.06185484,0.06185484
420,-0.47762054,-0.7680307,0.26150121065375304,0.06185484,0.06185484
421,-0.47762054,-0.7680307,0.26150121065375304,0.06185484,0.06185484
422,-0.47762054,-0.7680307,0.26150121065375304,0.06185484,0.06185484
423,-0.47762054,-0.7680307,0.26150121065375304,0.06185484,0.06185484
424,-0.47762054,-0.7680307,0.26150121065375304,0.06185484,0.06185484
425,-0.47762054,-0.7680307,0.26150121065375304,0.06185484,0.06185484
426,-0.47762054,-0.7680307,0.26150121065375304,0.06185484,0.06185484
427,-0.47762054,-0.7680307,0.26150121065375304,0.06185484,0.06185484
428,-0.47762054,-0.7680307,0.26150121065375304,0.06185484,0.06185484
429,-0.47762054,-0.7680307,0.26150121065375304,0.06185484,0.06185484
430,-0.47762054,-0.7680307,0.26150121065375304,0.06185484,0.06185484
431,-0.47762054,-0.7680307,0.26150121065375304,0.06185484,0.06185484
432,-0.47762054,-0.7680307,0.26150121065375304,0.06185484,0.06185484
433,-0.47762054,-0.7680307,0.26150121065375304,0.06185484,0.06185484
434,-0.47762054,-0.7680307,0.26150121065375304,0.06185484,0.06185484
435,-0.47762054,-0.7680307,0.26150121065375304,0.06185484,0.06185484
436,-0.47762054,-0.7680307,0.26150121065375304,0.06185484,0.06185484
437,-0.47762054,-0.7680307,0.26150121065375304,0.06185484,0.06185484
438,-0.47762054,-0.7680307,0.26150121065375304,0.06185484,0.06185484
439,-0.47762054,-0.7680307,0.26150121065375304,0.06185484,0.06185484
440,-0.47762054,-0.7680307,0.26150121065375304,0.06185484,0.06185484
441,-0.47762054,-0.7680307,0.26150121065375304,0.06185484,0.06185484
442,-0.47762054,-0.7680307,0.26150121065375304,0.06185484,0.06185484
443,-0.47762054,-0.7680307,0.26150121065375304,0.06185484,0.06185484
444,-0.47762054,-0.7680307,0.26150121065375304,0.06185484,0.06185484
445,-0.47762054,-0.7680307,0.26150121065375304,0.06185484,0.06185484
446,-0.47762054,-0.7680307,0.26150121065375304,0.06185484,0.06185484
447,-0.47762054,-0.7680307,0.26150121065375304,0.06185484,0.06185484
448,-0.47762054,-0.7680307,0.26150121065375304,0.06185484,0.06185484
449,-0.47762054,-0.7680307,0.26150121065375304,0.06185484,0.06185484
450,-0.47762054,-0.7680307,0.26150121065375304,0.06185484,0.06185484
451,-0.47762054,-0.7680307,0.26150121065375304,0.06185484,0.06185484
452,-0.47762054,-0.7680307,0.26150121065375304,0.06185484,0.06185484
453,-0.47762054,-0.7680307,0.26150121065375304,0.06185484,0.06185484
454,-0.47762054,-0.7680307,0.26150121065375304,0.06185484,0.06185484
455,-0.47762054,-0.7680307,0.26150121065375304,0.06185484,0.06185484
456,-0.47762054,-0.7680307,0.26150121065375304,0.06185484,0.06185484
457,-0.47762054,-0.7680307,0.26150121065375304,0.06185484,0.06185484
458,-0.47762054,-0.7680307,0.26150121065375304,0.06185484,0.06185484
459,-0.47762054,-0.7680307,0.26150121065375304,0.06185484,0.06185484
460,-0.47762054,-0.7680307,0.26150121065375304,0.06185484,0.06185484
461,-0.47762054,-0.7680307,0.26150121065375304,0.06185484,0.06185484
462,-0.47762054,-0.7680307,0.26150121065375304,0.06185484,0.06185484
463,-0.47762054,-0.7680307,0.26150121065375304,0.06185484,0.06185484
464,-0.47762054,-0.7680307,0.26150121065375304,0.06185484,0.06185484
465,-0.47762054,-0.7680307,0.26150121065375304,0.06185484,0.06185484
466,-0.47762054,-0.7680307,0.26150121065375304,0.06185484,0.06185484
467,-0.47762054,-0.7680307,0.26150121065375304,0.06185484,0.06185484
468,-0.47762054,-0.7680307,0.26150121065375304,0.06185484,0.06185484
469,-0.47762054,-0.7680307,0.26150121065375304,0.06185484,0.06185484
470,-0.47762054,-0.7680307,0.26150121065375304,0.06185484,0.06185484
471,-0.47762054,-0.7680307,0.26150121065375304,0.06185484,0.06185484
472,-0.47762054,-0.7680307,0.26150121065375304,0.06185484,0.06185484
473,-0.47762054,-0.7680307,0.26150121065375304,0.06185484,0.06185484
474,-0.47762054,-0.7680307,0.26150121065375304,0.06185484,0.06185484
475,-0.47762054,-0.7680307,0.26150121065375304,0.06185484,0.06185484
476,-0.47762054,-0.7680307,0.26150121065375304,0.06185484,0.06185484
477,-0.47762054,-0.7680307,0.26150121065375304,0.06185484,0.06185484
478,-0.47762054,-0.7680307,0.26150121065375304,0.06185484,0.06185484
479,-0.47762054,-0.7680307,0.26150121065375304,0.06185484,0.06185484
480,-0.47762054,-0.7680307,0.26150121065375304,0.06185484,0.06185484
481,-0.47762054,-0.7680307,0.26150121065375304,0.06185484,0.06185484
482,-0.47762054,-0.7680307,0.26150121065375304,0.06185484,0.06185484
483,-0.47762054,-0.7680307,0.26150121065375304,0.06185484,0.06185484
484,-0.47762054,-0.7680307,0.26150121065375304,0.06185484,0.06185484
485,-0.47762054,-0.7680307,0.26150121065375304,0.06185484,0.06185484
486,-0.47762054,-0.7680307,0.26150121065375304,0.06185484,0.06185484
487,-0.47762054,-0.7680307,0.26150121065375304,0.06185484,0.06185484
488,-0.47762054,-0.7680307,0.26150121065375304,0.06185484,0.06185484
489,-0.47762054,-0.7680307,0.26150121065375304,0.06185484,0.06185484
490,-0.47762054,-0.7680307,0.26150121065375304,0.06185484,0.06185484
491,-0.47762054,-0.7680307,0.26150121065375304,0.06185484,0.06185484
492,-0.47762054,-0.7680307,0.26150121065375304,0.06185484,0.06185484
493,-0.47762054,-0.7680307,0.26150121065375304,0.06185484,0.06185484
494,-0.47762054,-0.7680307,0.26150121065375304,0.06185484,0.06185484
495,-0.47762054,-0.7680307,0.26150121065375304,0.06185484,0.06185484
496,-0.47762054,-0.7680307,0.26150121065375304,0.06185484,0.06185484
497,-0.47762054,-0.7680307,0.26150121065375304,0.06185484,0.06185484
498,-0.47762054,-0.7680307,0.26150121065375304,0.06185484,0.06185484
499,-0.47762054,-0.7680307,0.26150121065375304,0.06185484,0.06185484
500,-0.47762054,-0.7680307,0.26150121065375304,0.06185484,0.06185484
501,-0.47762054,-0.7680307,0.26150121065375304,0.06185484,0.06185484
502,-0.47762054,-0.7680307,0.26150121065375304,0.06185484,0.06185484
503,-0.47762054,-0.7680307,0.26150121065375304,0.06185484,0.06185484
504,-0.47762054,-0.7680307,0.26150121065375304,0.06185484,0.06185484
505,-0.47762054,-0.7680307,0.26150121065375304,0.06185484,0.06185484
506,-0.47762054,-0.7680307,0.26150121065375304,0.06185484,0.06185484
507,-0.47762054,-0.7680307,0.26150121065375304,0.06185484,0.06185484
508,-0.47762054,-0.7680307,0.26150121065375304,0.06185484,0.06185484
509,-0.47762054,-0.7680307,0.26150121065375304,0.06185484,0.06185484
510,-0.47762054,-0.7680307,0.26150121065375304,0.06185484,0.06185484
511,-0.47762054,-0.7680307,0.26150121065375304,0.06185484,0.06185484
512,-0.47762054,-0.7680307,0.26150121065375304,0.06185484,0.06185484
513,-0.47762054,-0.7680307,0.26150121065375304,0.06185484,0.06185484
514,-0.47762054,-0.7680307,0.26150121065375304,0.06185484,0.06185484
515,-0.47762054,-0.7680307,0.26150121065375304,0.06185484,0.06185484
516,-0.47762054,-0.7680307,0.26150121065375304,0.06185484,0.06185484
517,-0.47762054,-0.7680307,0.26150121065375304,0.06185484,0.06185484
518,-0.47762054,-0.7680307,0.26150121065375304,0.06185484,0.06185484
519,-0.47762054,-0.7680307,0.26150121065375304,0.06185484,0.06185484
520,-0.47762054,-0.7680307,0.26150121065375304,0.06185484,0.06185484
521,-0.47762054,-0.7680307,0.26150121065375304,0.06185484,0.06185484
522,-0.47762054,-0.7680307,0.26150121065375304,0.06185484,0.06185484
523,-0.47762054,-0.7680307,0.26150121065375304,0.06185484,0.06185484
524,-0.47762054,-0.7680307,0.26150121065375304,0.06185484,0.06185484
525,-0.47762054,-0.7680307,0.26150121065375304,0.06185484,0.06185484
526,-0.47762054,-0.7680307,0.26150121065375304,0.06185484,0.06185484
527,-0.47762054,-0.7680307,0.26150121065375304,0.06185484,0.06185484
528,-0.47762054,-0.7680307,0.26150121065375304,0.06185484,0.06185484
529,-0.47762054,-0.7680307,0.26150121065375304,0.06185484,0.06185484
530,-0.47762054,-0.7680307,0.26150121065375304,0.06185484,0.06185484
531,-0.47762054,-0.7680307,0.26150121065375304,0.06185484,0.06185484
532,-0.47762054,-0.7680307,0.26150121065375304,0.06185484,0.06185484
533,-0.47762054,-0.7680307,0.26150121065375304,0.06185484,0.06185484
534,-0.47762054,-0.7680307,0.26150121065375304,0.06185484,0.06185484
535,-0.47762054,-0.7680307,0.26150121065375304,0.06185484,0.06185484
536,-0.47762054,-0.7680307,0.26150121065375304,0.06185484,0.06185484
537,-0.47762054,-0.7680307,0.26150121065375304,0.06185484,0.06185484
538,-0.47762054,-0.7680307,0.26150121065375304,0.06185484,0.06185484
539,-0.47762054,-0.7680307,0.26150121065375304,0.06185484,0.06185484
540,-0.47762054,-0.7680307,0.26150121065375304,0.06185484,0.06185484
541,-0.47762054,-0.7680307,0.26150121065375304,0.06185484,0.06185484
542,-0.47762054,-0.7680307,0.26150121065375304,0.06185484,0.06185484
543,-0.47762054,-0.7680307,0.26150121065375304,0.06185484,0.06185484
544,-0.47762054,-0.7680307,0.26150121065375304,0.06185484,0.06185484
545,-0.47762054,-0.7680307,0.26150121065375304,0.06185484,0.06185484
546,-0.47762054,-0.7680307,0.26150121065375304,0.06185484,0.06185484
547,-0.47762054,-0.7680307,0.26150121065375304,0.06185484,0.06185484
548,-0.47762054,-0.7680307,0.26150121065375304,0.06185484,0.06185484
549,-0.47762054,-0.7680307,0.26150121065375304,0.06185484,0.06185484
550,-0.47762054,-0.7680307,0.26150121065375304,0.06185484,0.06185484
551,-0.47762054,-0.7680307,0.26150121065375304,0.06185484,0.06185484
552,-0.47762054,-0.7680307,0.26150121065375304,0.06185484,0.06185484
553,-0.47762054,-0.7680307,0.26150121065375304,0.06185484,0.06185484
554,-0.47762054,-0.7680307,0.26150121065375304,0.06185484,0.06185484
555,-0.47762054,-0.7680307,0.26150121065375304,0.06185484,0.06185484
556,-0.47762054,-0.7680307,0.26150121065375304,0.06185484,0.06185484
557,-0.47762054,-0.7680307,0.26150121065375304,0.06185484,0.06185484
558,-0.47762054,-0.7680307,0.26150121065375304,0.06185484,0.06185484
559,-0.47762054,-0.7680307,0.26150121065375304,0.06185484,0.06185484
560,-0.47762054,-0.7680307,0.26150121065375304,0.06185484,0.06185484
561,-0.47762054,-0.7680307,0.26150121065375304,0.06185484,0.06185484
562,-0.47762054,-0.7680307,0.26150121065375304,0.06185484,0.06185484
563,-0.47762054,-0.7680307,0.26150121065375304,0.06185484,0.06185484
564,-0.47762054,-0.7680307,0.26150121065375304,0.06185484,0.06185484
565,-0.47762054,-0.7680307,0.26150121065375304,0.06185484,0.06185484
566,-0.47762054,-0.7680307,0.26150121065375304,0.06185484,0.06185484
567,-0.47762054,-0.7680307,0.26150121065375304,0.06185484,0.06185484
568,-0.47762054,-0.7680307,0.26150121065375304,0.06185484,0.06185484
569,-0.47762054,-0.7680307,0.26150121065375304,0.06185484,0.06185484
570,-0.47762054,-0.7680307,0.26150121065375304,0.06185484,0.06185484
571,-0.47762054,-0.7680307,0.26150121065375304,0.06185484,0.06185484
572,-0.47762054,-0.7680307,0.26150121065375304,0.06185484,0.06185484
573,-0.47762054,-0.7680307,0.26150121065375304,0.06185484,0.06185484
574,-0.47762054,-0.7680307,0.26150121065375304,0.06185484,0.06185484
575,-0.47762054,-0.7680307,0.26150121065375304,0.06185484,0.06185484
576,-0.47762054,-0.7680307,0.26150121065375304,0.06185484,0.06185484
577,-0.47762054,-0.7680307,0.26150121065375304,0.06185484,0.06185484
578,-0.47762054,-0.7680307,0.26150121065375304,0.06185484,0.06185484
579,-0.47762054,-0.7680307,0.26150121065375304,0.06185484,0.06185484
580,-0.47762054,-0.7680307,0.26150121065375304,0.06185484,0.06185484
581,-0.47762054,-0.7680307,0.26150121065375304,0.06185484,0.06185484
582,-0.47762054,-0.7680307,0.26150121065375304,0.06185484,0.06185484
583,-0.47762054,-0.7680307,0.26150121065375304,0.06185484,0.06185484
584,-0.47762054,-0.7680307,0.26150121065375304,0.06185484,0.06185484
585,-0.47762054,-0.7680307,0.26150121065375304,0.06185484,0.06185484
586,-0.47762054,-0.7680307,0.26150121065375304,0.06185484,0.06185484
587,-0.47762054,-0.7680307,0.26150121065375304,0.06185484,0.06185484
588,-0.47762054,-0.7680307,0.26150121065375304,0.06185484,0.06185484
589,-0.47762054,-0.7680307,0.26150121065375304,0.06185484,0.06185484
590,-0.47762054,-0.7680307,0.26150121065375304,0.06185484,0.06185484
591,-0.47762054,-0.7680307,0.26150121065375304,0.06185484,0.06185484
592,-0.47762054,-0.7680307,0.26150121065375304,0.06185484,0.06185484
593,-0.47762054,-0.7680307,0.26150121065375304,0.06185484,0.06185484
594,-0.47762054,-0.7680307,0.26150121065375304,0.06185484,0.06185484
595,-0.47762054,-0.7680307,0.26150121065375304,0.06185484,0.06185484
596,-0.47762054,-0.7680307,0.26150121065375304,0.06185484,0.06185484
597,-0.47762054,-0.7680307,0.26150121065375304,0.06185484,0.06185484
598,-0.47762054,-0.7680307,0.26150121065375304,0.06185484,0.06185484
599,-0.47762054,-0.7680307,0.26150121065375304,0.06185484,0.06185484
600,-0.47762054,-0.7680307,0.26150121065375304,0.06185484,0.06185484
601,-0.47762054,-0.7680307,0.26150121065375304,0.06185484,0.06185484
602,-0.47762054,-0.7680307,0.26150121065375304,0.06185484,0.06185484
603,-0.47762054,-0.7680307,0.26150121065375304,0.06185484,0.06185484
604,-0.47762054,-0.7680307,0.26150121065375304,0.06185484,0.06185484
605,-0.47762054,-0.7680307,0.26150121065375304,0.06185484,0.06185484
606,-0.47762054,-0.7680307,0.26150121065375304,0.06185484,0.06185484
607,-0.47762054,-0.7680307,0.26150121065375304,0.06185484,0.06185484
608,-0.47762054,-0.7680307,0.26150121065375304,0.06185484,0.06185484
609,-0.47762054,-0.7680307,0.26150121065375304,0.06185484,0.06185484
610,-0.47762054,-0.7680307,0.26150121065375304,0.06185484,0.06185484
611,-0.47762054,-0.7680307,0.26150121065375304,0.06185484,0.06185484
612,-0.47762054,-0.7680307,0.26150121065375304,0.06185484,0.06185484
613,-0.47762054,-0.7680307,0.26150121065375304,0.06185484,0.06185484
614,-0.47762054,-0.7680307,0.26150121065375304,0.06185484,0.06185484
615,-0.47762054,-0.7680307,0.26150121065375304,0.06185484,0.06185484
616,-0.47762054,-0.7680307,0.26150121065375304,0.06185484,0.06185484
617,-0.47762054,-0.7680307,0.26150121065375304,0.06185484,0.06185484
618,-0.47762054,-0.7680307,0.26150121065375304,0.06185484,0.06185484
619,-0.47762054,-0.7680307,0.26150121065375304,0.06185484,0.06185484
620,-0.47762054,-0.7680307,0.26150121065375304,0.06185484,0.06185484
621,-0.47762054,-0.7680307,0.26150121065375304,0.06185484,0.06185484
622,-0.47762054,-0.7680307,0.26150121065375304,0.06185484,0.06185484
623,-0.47762054,-0.7680307,0.26150121065375304,0.06185484,0.06185484
624,-0.47762054,-0.7680307,0.26150121065375304,0.06185484,0.06185484
625,-0.47762054,-0.7680307,0.26150121065375304,0.06185484,0.06185484
626,-0.47762054,-0.7680307,0.26150121065375304,0.06185484,0.06185484
627,-0.47762054,-0.7680307,0.26150121065375304,0.06185484,0.06185484
628,-0.47762054,-0.7680307,0.26150121065375304,0.06185484,0.06185484
629,-0.47762054,-0.7680307,0.26150121065375304,0.06185484,0.06185484
630,-0.47762054,-0.7680307,0.26150121065375304,0.06185484,0.06185484
631,-0.47762054,-0.7680307,0.26150121065375304,0.06185484,0.06185484
632,-0.47762054,-0.7680307,0.26150121065375304,0.06185484,0.06185484
633,-0.47762054,-0.7680307,0.26150121065375304,0.06185484,0.06185484
634,-0.47762054,-0.7680307,0.26150121065375304,0.06185484,0.06185484
635,-0.47762054,-0.7680307,0.26150121065375304,0.06185484,0.06185484
636,-0.47762054,-0.7680307,0.26150121065375304,0.06185484,0.06185484
637,-0.47762054,-0.7680307,0.26150121065375304,0.06185484,0.06185484
638,-0.47762054,-0.7680307,0.26150121065375304,0.06185484,0.06185484
639,-0.47762054,-0.7680307,0.26150121065375304,0.06185484,0.06185484
640,-0.47762054,-0.7680307,0.26150121065375304,0.06185484,0.06185484
641,-0.47762054,-0.7680307,0.26150121065375304,0.06185484,0.06185484
642,-0.47762054,-0.7680307,0.26150121065375304,0.06185484,0.06185484
643,-0.47762054,-0.7680307,0.26150121065375304,0.06185484,0.06185484
644,-0.47762054,-0.7680307,0.26150121065375304,0.06185484,0.06185484
645,-0.47762054,-0.7680307,0.26150121065375304,0.06185484,0.06185484
646,-0.47762054,-0.7680307,0.26150121065375304,0.06185484,0.06185484
647,-0.47762054,-0.7680307,0.26150121065375304,0.06185484,0.06185484
648,-0.47762054,-0.7680307,0.26150121065375304,0.06185484,0.06185484
649,-0.47762054,-0.7680307,0.26150121065375304,0.06185484,0.06185484
650,-0.47762054,-0.7680307,0.26150121065375304,0.06185484,0.06185484
651,-0.47762054,-0.7680307,0.26150121065375304,0.06185484,0.06185484
652,-0.47762054,-0.7680307,0.26150121065375304,0.06185484,0.06185484
653,-0.47762054,-0.7680307,0.26150121065375304,0.06185484,0.06185484
654,-0.47762054,-0.7680307,0.26150121065375304,0.06185484,0.06185484
655,-0.47762054,-0.7680307,0.26150121065375304,0.06185484,0.06185484
656,-0.47762054,-0.7680307,0.26150121065375304,0.06185484,0.06185484
657,-0.47762054,-0.7680307,0.26150121065375304,0.06185484,0.06185484
658,-0.47762054,-0.7680307,0.26150121065375304,0.06185484,0.06185484
659,-0.47762054,-0.7680307,0.26150121065375304,0.06185484,0.06185484
660,-0.47762054,-0.7680307,0.26150121065375304,0.06185484,0.06185484
661,-0.47762054,-0.7680307,0.26150121065375304,0.06185484,0.06185484
662,-0.47762054,-0.7680307,0.26150121065375304,0.06185484,0.06185484
663,-0.47762054,-0.7680307,0.26150121065375304,0.06185484,0.06185484
664,-0.47762054,-0.7680307,0.26150121065375304,0.06185484,0.06185484
665,-0.47762054,-0.7680307,0.26150121065375304,0.06185484,0.06185484
666,-0.47762054,-0.7680307,0.26150121065375304,0.06185484,0.06185484
667,-0.47762054,-0.7680307,0.26150121065375304,0.06185484,0.06185484
668,-0.47762054,-0.7680307,0.26150121065375304,0.06185484,0.06185484
669,-0.47762054,-0.7680307,0.26150121065375304,0.06185484,0.06185484
670,-0.47762054,-0.7680307,0.26150121065375304,0.06185484,0.06185484
671,-0.47762054,-0.7680307,0.26150121065375304,0.06185484,0.06185484
672,-0.47762054,-0.7680307,0.26150121065375304,0.06185484,0.06185484
673,-0.47762054,-0.7680307,0.26150121065375304,0.06185484,0.06185484
674,-0.47762054,-0.7680307,0.26150121065375304,0.06185484,0.06185484
675,-0.47762054,-0.7680307,0.26150121065375304,0.06185484,0.06185484
676,-0.47762054,-0.7680307,0.26150121065375304,0.06185484,0.06185484
677,-0.47762054,-0.7680307,0.26150121065375304,0.06185484,0.06185484
678,-0.47762054,-0.7680307,0.26150121065375304,0.06185484,0.06185484
679,-0.47762054,-0.7680307,0.26150121065375304,0.06185484,0.06185484
680,-0.47762054,-0.7680307,0.26150121065375304,0.06185484,0.06185484
681,-0.47762054,-0.7680307,0.26150121065375304,0.06185484,0.06185484
682,-0.47762054,-0.7680307,0.26150121065375304,0.06185484,0.06185484
683,-0.47762054,-0.7680307,0.26150121065375304,0.06185484,0.06185484
684,-0.47762054,-0.7680307,0.26150121065375304,0.06185484,0.06185484
685,-0.47762054,-0.7680307,0.26150121065375304,0.06185484,0.06185484
686,-0.47762054,-0.7680307,0.26150121065375304,0.06185484,0.06185484
687,-0.47762054,-0.7680307,0.26150121065375304,0.06185484,0.06185484
688,-0.47762054,-0.7680307,0.26150121065375304,0.06185484,0.06185484
689,-0.47762054,-0.7680307,0.26150121065375304,0.06185484,0.06185484
690,-0.47762054,-0.7680307,0.26150121065375304,0.06185484,0.06185484
691,-0.47762054,-0.7680307,0.26150121065375304,0.06185484,0.06185484
692,-0.47762054,-0.7680307,0.26150121065375304,0.06185484,0.06185484
693,-0.47762054,-0.7680307,0.26150121065375304,0.06185484,0.06185484
694,-0.47762054,-0.7680307,0.26150121065375304,0.06185484,0.06185484
695,-0.47762054,-0.7680307,0.26150121065375304,0.06185484,0.06185484
696,-0.47762054,-0.7680307,0.26150121065375304,0.06185484,0.06185484
697,-0.47762054,-0.7680307,0.26150121065375304,0.06185484,0.06185484
698,-0.47762054,-0.7680307,0.26150121065375304,0.06185484,0.06185484
699,-0.47762054,-0.7680307,0.26150121065375304,0.06185484,0.06185484
700,-0.47762054,-0.7680307,0.26150121065375304,0.06185484,0.06185484
701,-0.47762054,-0.7680307,0.26150121065375304,0.06185484,0.06185484
702,-0.47762054,-0.7680307,0.26150121065375304,0.06185484,0.06185484
703,-0.47762054,-0.7680307,0.26150121065375304,0.06185484,0.06185484
704,-0.47762054,-0.7680307,0.26150121065375304,0.06185484,0.06185484
705,-0.47762054,-0.7680307,0.26150121065375304,0.06185484,0.06185484
706,-0.47762054,-0.7680307,0.26150121065375304,0.06185484,0.06185484
707,-0.47762054,-0.7680307,0.26150121065375304,0.06185484,0.06185484
708,-0.47762054,-0.7680307,0.26150121065375304,0.06185484,0.06185484
709,-0.47762054,-0.7680307,0.26150121065375304,0.06185484,0.06185484
710,-0.47762054,-0.7680307,0.26150121065375304,0.06185484,0.06185484
711,-0.47762054,-0.7680307,0.26150121065375304,0.06185484,0.06185484
712,-0.47762054,-0.7680307,0.26150121065375304,0.06185484,0.06185484
713,-0.47762054,-0.7680307,0.26150121065375304,0.06185484,0.06185484
714,-0.47762054,-0.7680307,0.26150121065375304,0.06185484,0.06185484
715,-0.47762054,-0.7680307,0.26150121065375304,0.06185484,0.06185484
716,-0.47762054,-0.7680307,0.26150121065375304,0.06185484,0.06185484
717,-0.47762054,-0.7680307,0.26150121065375304,0.06185484,0.06185484
718,-0.47762054,-0.7680307,0.26150121065375304,0.06185484,0.06185484
719,-0.47762054,-0.7680307,0.26150121065375304,0.06185484,0.06185484
720,-0.47762054,-0.7680307,0.26150121065375304,0.06185484,0.06185484
721,-0.47762054,-0.7680307,0.26150121065375304,0.06185484,0.06185484
722,-0.47762054,-0.7680307,0.26150121065375304,0.06185484,0.06185484
723,-0.47762054,-0.7680307,0.26150121065375304,0.06185484,0.06185484
724,-0.47762054,-0.7680307,0.26150121065375304,0.06185484,0.06185484
725,-0.47762054,-0.7680307,0.26150121065375304,0.06185484,0.06185484
726,-0.47762054,-0.7680307,0.26150121065375304,0.06185484,0.06185484
727,-0.47762054,-0.7680307,0.26150121065375304,0.06185484,0.06185484
728,-0.47762054,-0.7680307,0.26150121065375304,0.06185484,0.06185484
729,-0.47762054,-0.7680307,0.26150121065375304,0.06185484,0.06185484
730,-0.47762054,-0.7680307,0.26150121065375304,0.06185484,0.06185484
731,-0.47762054,-0.7680307,0.26150121065375304,0.06185484,0.06185484
732,-0.47762054,-0.7680307,0.26150121065375304,0.06185484,0.06185484
733,-0.47762054,-0.7680307,0.26150121065375304,0.06185484,0.06185484
734,-0.47762054,-0.7680307,0.26150121065375304,0.06185484,0.06185484
735,-0.47762054,-0.7680307,0.26150121065375304,0.06185484,0.06185484
736,-0.47762054,-0.7680307,0.26150121065375304,0.06185484,0.06185484
737,-0.47762054,-0.7680307,0.26150121065375304,0.06185484,0.06185484
738,-0.47762054,-0.7680307,0.26150121065375304,0.06185484,0.06185484
739,-0.47762054,-0.7680307,0.26150121065375304,0.06185484,0.06185484
740,-0.47762054,-0.7680307,0.26150121065375304,0.06185484,0.06185484
741,-0.47762054,-0.7680307,0.26150121065375304,0.06185484,0.06185484
742,-0.47762054,-0.7680307,0.26150121065375304,0.06185484,0.06185484
743,-0.47762054,-0.7680307,0.26150121065375304,0.06185484,0.06185484
744,-0.47762054,-0.7680307,0.26150121065375304,0.06185484,0.06185484
745,-0.47762054,-0.7680307,0.26150121065375304,0.06185484,0.06185484
746,-0.47762054,-0.7680307,0.26150121065375304,0.06185484,0.06185484
747,-0.47762054,-0.7680307,0.26150121065375304,0.06185484,0.06185484
748,-0.47762054,-0.7680307,0.26150121065375304,0.06185484,0.06185484
749,-0.47762054,-0.7680307,0.26150121065375304,0.06185484,0.06185484
750,-0.47762054,-0.7680307,0.26150121065375304,0.06185484,0.06185484
751,-0.47762054,-0.7680307,0.26150121065375304,0.06185484,0.06185484
752,-0.47762054,-0.7680307,0.26150121065375304,0.06185484,0.06185484
753,-0.47762054,-0.7680307,0.26150121065375304,0.06185484,0.06185484
754,-0.47762054,-0.7680307,0.26150121065375304,0.06185484,0.06185484
755,-0.47762054,-0.7680307,0.26150121065375304,0.06185484,0.06185484
756,-0.47762054,-0.7680307,0.26150121065375304,0.06185484,0.06185484
757,-0.47762054,-0.7680307,0.26150121065375304,0.06185484,0.06185484
758,-0.47762054,-0.7680307,0.26150121065375304,0.06185484,0.06185484
759,-0.47762054,-0.7680307,0.26150121065375304,0.06185484,0.06185484
760,-0.47762054,-0.7680307,0.26150121065375304,0.06185484,0.06185484
761,-0.47762054,-0.7680307,0.26150121065375304,0.06185484,0.06185484
762,-0.47762054,-0.7680307,0.26150121065375304,0.06185484,0.06185484
763,-0.47762054,-0.7680307,0.26150121065375304,0.06185484,0.06185484
764,-0.47762054,-0.7680307,0.26150121065375304,0.06185484,0.06185484
765,-0.47762054,-0.7680307,0.26150121065375304,0.06185484,0.06185484
766,-0.47762054,-0.7680307,0.26150121065375304,0.06185484,0.06185484
767,-0.47762054,-0.7680307,0.26150121065375304,0.06185484,0.06185484
768,-0.47762054,-0.7680307,0.26150121065375304,0.06185484,0.06185484
769,-0.47762054,-0.7680307,0.26150121065375304,0.06185484,0.06185484
770,-0.47762054,-0.7680307,0.26150121065375304,0.06185484,0.06185484
771,-0.47762054,-0.7680307,0.26150121065375304,0.06185484,0.06185484
772,-0.47762054,-0.7680307,0.26150121065375304,0.06185484,0.06185484
773,-0.47762054,-0.7680307,0.26150121065375304,0.06185484,0.06185484
774,-0.47762054,-0.7680307,0.26150121065375304,0.06185484,0.06185484
775,-0.47762054,-0.7680307,0.26150121065375304,0.06185484,0.06185484
776,-0.47762054,-0.7680307,0.26150121065375304,0.06185484,0.06185484
777,-0.47762054,-0.7680307,0.26150121065375304,0.06185484,0.06185484
778,-0.47762054,-0.7680307,0.26150121065375304,0.06185484,0.06185484
779,-0.47762054,-0.7680307,0.26150121065375304,0.06185484,0.06185484
780,-0.47762054,-0.7680307,0.26150121065375304,0.06185484,0.06185484
781,-0.47762054,-0.7680307,0.26150121065375304,0.06185484,0.06185484
782,-0.47762054,-0.7680307,0.26150121065375304,0.06185484,0.06185484
783,-0.47762054,-0.7680307,0.26150121065375304,0.06185484,0.06185484
784,-0.47762054,-0.7680307,0.26150121065375304,0.06185484,0.06185484
785,-0.47762054,-0.7680307,0.26150121065375304,0.06185484,0.06185484
786,-0.47762054,-0.7680307,0.26150121065375304,0.06185484,0.06185484
787,-0.47762054,-0.7680307,0.26150121065375304,0.06185484,0.06185484
788,-0.47762054,-0.7680307,0.26150121065375304,0.06185484,0.06185484
789,-0.47762054,-0.7680307,0.26150121065375304,0.06185484,0.06185484
790,-0.47762054,-0.7680307,0.26150121065375304,0.06185484,0.06185484
791,-0.47762054,-0.7680307,0.26150121065375304,0.06185484,0.06185484
792,-0.47762054,-0.7680307,0.26150121065375304,0.06185484,0.06185484
793,-0.47762054,-0.7680307,0.26150121065375304,0.06185484,0.06185484
794,-0.47762054,-0.7680307,0.26150121065375304,0.06185484,0.06185484
795,-0.47762054,-0.7680307,0.26150121065375304,0.06185484,0.06185484
796,-0.47762054,-0.7680307,0.26150121065375304,0.06185484,0.06185484
797,-0.47762054,-0.7680307,0.26150121065375304,0.06185484,0.06185484
798,-0.47762054,-0.7680307,0.26150121065375304,0.06185484,0.06185484
799,-0.47762054,-0.7680307,0.26150121065375304,0.06185484,0.06185484
800,-0.47762054,-0.7680307,0.26150121065375304,0.06185484,0.06185484
801,-0.47762054,-0.7680307,0.26150121065375304,0.06185484,0.06185484
802,-0.47762054,-0.7680307,0.26150121065375304,0.06185484,0.06185484
803,-0.47762054,-0.7680307,0.26150121065375304,0.06185484,0.06185484
804,-0.47762054,-0.7680307,0.26150121065375304,0.06185484,0.06185484
805,-0.47762054,-0.7680307,0.26150121065375304,0.06185484,0.06185484
806,-0.47762054,-0.7680307,0.26150121065375304,0.06185484,0.06185484
807,-0.47762054,-0.7680307,0.26150121065375304,0.06185484,0.06185484
808,-0.47762054,-0.7680307,0.26150121065375304,0.06185484,0.06185484
809,-0.47762054,-0.7680307,0.26150121065375304,0.06185484,0.06185484
810,-0.47762054,-0.7680307,0.26150121065375304,0.06185484,0.06185484
811,-0.47762054,-0.7680307,0.26150121065375304,0.06185484,0.06185484
812,-0.47762054,-0.7680307,0.26150121065375304,0.06185484,0.06185484
813,-0.47762054,-0.7680307,0.26150121065375304,0.06185484,0.06185484
814,-0.47762054,-0.7680307,0.26150121065375304,0.06185484,0.06185484
815,-0.47762054,-0.7680307,0.26150121065375304,0.06185484,0.06185484
816,-0.47762054,-0.7680307,0.26150121065375304,0.06185484,0.06185484
817,-0.47762054,-0.7680307,0.26150121065375304,0.06185484,0.06185484
818,-0.47762054,-0.7680307,0.26150121065375304,0.06185484,0.06185484
819,-0.47762054,-0.7680307,0.26150121065375304,0.06185484,0.06185484
820,-0.47762054,-0.7680307,0.26150121065375304,0.06185484,0.06185484
821,-0.47762054,-0.7680307,0.26150121065375304,0.06185484,0.06185484
822,-0.47762054,-0.7680307,0.26150121065375304,0.06185484,0.06185484
823,-0.47762054,-0.7680307,0.26150121065375304,0.06185484,0.06185484
824,-0.47762054,-0.7680307,0.26150121065375304,0.06185484,0.06185484
825,-0.47762054,-0.7680307,0.26150121065375304,0.06185484,0.06185484
826,-0.47762054,-0.7680307,0.26150121065375304,0.06185484,0.06185484
827,-0.47762054,-0.7680307,0.26150121065375304,0.06185484,0.06185484
828,-0.47762054,-0.7680307,0.26150121065375304,0.06185484,0.06185484
829,-0.47762054,-0.7680307,0.26150121065375304,0.06185484,0.06185484
830,-0.47762054,-0.7680307,0.26150121065375304,0.06185484,0.06185484
831,-0.47762054,-0.7680307,0.26150121065375304,0.06185484,0.06185484
832,-0.47762054,-0.7680307,0.26150121065375304,0.06185484,0.06185484
833,-0.47762054,-0.7680307,0.26150121065375304,0.06185484,0.06185484
834,-0.47762054,-0.7680307,0.26150121065375304,0.06185484,0.06185484
835,-0.47762054,-0.7680307,0.26150121065375304,0.06185484,0.06185484
836,-0.47762054,-0.7680307,0.26150121065375304,0.06185484,0.06185484
837,-0.47762054,-0.7680307,0.26150121065375304,0.06185484,0.06185484
838,-0.47762054,-0.7680307,0.26150121065375304,0.06185484,0.06185484
839,-0.47762054,-0.7680307,0.26150121065375304,0.06185484,0.06185484
840,-0.47762054,-0.7680307,0.26150121065375304,0.06185484,0.06185484
841,-0.47762054,-0.7680307,0.26150121065375304,0.06185484,0.06185484
842,-0.47762054,-0.7680307,0.26150121065375304,0.06185484,0.06185484
843,-0.47762054,-0.7680307,0.26150121065375304,0.06185484,0.06185484
844,-0.47762054,-0.7680307,0.26150121065375304,0.06185484,0.06185484
845,-0.47762054,-0.7680307,0.26150121065375304,0.06185484,0.06185484
846,-0.47762054,-0.7680307,0.26150121065375304,0.06185484,0.06185484
847,-0.43904135,-0.7303288,0.24343675417661098,0.047813654,0.047813654
848,-0.45869884,-0.77388084,0.24401913875598086,-0.012484074,-0.012484074
849,-0.45869884,-0.77388084,0.24401913875598086,-0.012484074,-0.012484074
850,-0.45869884,-0.77388084,0.24401913875598086,-0.012484074,-0.012484074
851,-0.45869884,-0.77388084,0.24401913875598086,-0.012484074,-0.012484074
852,-0.45869884,-0.77388084,0.24401913875598086,-0.012484074,-0.012484074
853,-0.45869884,-0.77388084,0.24401913875598086,-0.012484074,-0.012484074
854,-0.45869884,-0.77388084,0.24401913875598086,-0.012484074,-0.012484074
855,-0.45869884,-0.77388084,0.24401913875598086,-0.012484074,-0.012484074
856,-0.45869884,-0.77388084,0.24401913875598086,-0.012484074,-0.012484074
857,-0.45869884,-0.77388084,0.24401913875598086,-0.012484074,-0.012484074
858,-0.49369624,-0.7700943,0.22748815165876776,-0.12634969,-0.12634969
859,-0.49369624,-0.7700943,0.22748815165876776,-0.12634969,-0.12634969
860,-0.49369624,-0.7700943,0.22748815165876776,-0.12634969,-0.12634969
861,-0.49369624,-0.7700943,0.22748815165876776,-0.12634969,-0.12634969
862,-0.49369624,-0.7700943,0.22748815165876776,-0.12634969,-0.12634969
863,-0.49369624,-0.7700943,0.22748815165876776,-0.12634969,-0.12634969
864,-0.49369624,-0.7700943,0.22748815165876776,-0.12634969,-0.12634969
865,-0.46314228,-0.7495918,0.20803782505910165,-0.17254496,-0.17254496
866,-0.49655533,-0.81317747,0.21204819277108433,-0.24949181,-0.24949181
867,-0.49655533,-0.81317747,0.21204819277108433,-0.24949181,-0.24949181
868,-0.49655533,-0.81317747,0.21204819277108433,-0.24949181,-0.24949181
869,-0.51333666,-0.8339556,0.21204819277108433,-0.2870512,-0.2870512
870,-0.5369435,-0.84900314,0.20902612826603326,-0.34081602,-0.34081602
871,-0.5436392,-0.8563593,0.20754716981132076,-0.3622626,-0.3622626
872,-0.5436392,-0.8563593,0.20754716981132076,-0.3622626,-0.3622626
873,-0.5436392,-0.8563593,0.20754716981132076,-0.3622626,-0.3622626
874,-0.5436392,-0.8563593,0.20754716981132076,-0.3622626,-0.3622626
875,-0.55416244,-0.8553595,0.20657276995305165,-0.37665808,-0.37665808
876,-0.55416244,-0.8553595,0.20657276995305165,-0.37665808,-0.37665808
877,-0.5549594,-0.8559198,0.1873536299765808,-0.47411096,-0.47411096
878,-0.5460123,-0.85325533,0.16981132075471697,-0.5502111,-0.5502111
879,-0.5460123,-0.85325533,0.16981132075471697,-0.5502111,-0.5502111
880,-0.53852725,-0.8459367,0.145933014354067,-0.6547989,-0.6547989
881,-0.54147184,-0.84875417,0.1466346153846154,-0.65705293,-0.65705293
882,-0.54147184,-0.84875417,0.1466346153846154,-0.65705293,-0.65705293
883,-0.54147184,-0.84875417,0.1466346153846154,-0.65705293,-0.65705293
884,-0.54147184,-0.84875417,0.1466346153846154,-0.65705293,-0.65705293
885,-0.54147184,-0.84875417,0.1466346153846154,-0.65705293,-0.65705293
886,-0.54147184,-0.84875417,0.1466346153846154,-0.65705293,-0.65705293
887,-0.54147184,-0.84875417,0.1466346153846154,-0.65705293,-0.65705293
888,-0.54147184,-0.84875417,0.1466346153846154,-0.65705293,-0.65705293
889,-0.54147184,-0.84875417,0.1466346153846154,-0.65705293,-0.65705293
890,-0.54147184,-0.84875417,0.1466346153846154,-0.65705293,-0.65705293
891,-0.54147184,-0.84875417,0.1466346153846154,-0.65705293,-0.65705293
892,-0.54147184,-0.84875417,0.1466346153846154,-0.65705293,-0.65705293
893,-0.54147184,-0.84875417,0.1466346153846154,-0.65705293,-0.65705293
894,-0.54147184,-0.84875417,0.1466346153846154,-0.65705293,-0.65705293
895,-0.54147184,-0.84875417,0.1466346153846154,-0.65705293,-0.65705293
896,-0.54147184,-0.84875417,0.1466346153846154,-0.65705293,-0.65705293
897,-0.54147184,-0.84875417,0.1466346153846154,-0.65705293,-0.65705293
898,-0.54147184,-0.84875417,0.1466346153846154,-0.65705293,-0.65705293
899,-0.54147184,-0.84875417,0.1466346153846154,-0.65705293,-0.65705293
900,-0.54147184,-0.84875417,0.1466346153846154,-0.65705293,-0.65705293
901,-0.54147184,-0.84875417,0.1466346153846154,-0.65705293,-0.65705293
902,-0.54147184,-0.84875417,0.1466346153846154,-0.65705293,-0.65705293
903,-0.54147184,-0.84875417,0.1466346153846154,-0.65705293,-0.65705293
904,-0.5203579,-0.8217912,0.12531328320802004,-0.7155826,-0.7155826
905,-0.53497374,-0.83368295,0.105,-0.84365666,-0.84365666
906,-0.53875273,-0.83372384,0.10319410319410319,-0.85650605,-0.85650605
907,-0.53875273,-0.83372384,0.10319410319410319,-0.85650605,-0.85650605
908,-0.5641853,-0.8638284,0.10218978102189781,-0.9170649,-0.9170649
909,-0.5641853,-0.8638284,0.10218978102189781,-0.9170649,-0.9170649
910,-0.56534046,-0.8663195,0.10218978102189781,-0.92071104,-0.92071104
911,-0.5716174,-0.8689209,0.10294117647058823,-0.9258325,-0.9258325
912,-0.56988716,-0.8673848,0.08312958435207823,-1.0216241,-1.0216241
913,-0.56988716,-0.8673848,0.08312958435207823,-1.0216241,-1.0216241
914,-0.56988716,-0.8673848,0.08312958435207823,-1.0216241,-1.0216241
915,-0.58111143,-0.8705023,0.08353808353808354,-1.0339233,-1.0339233
916,-0.58111143,-0.8705023,0.08353808353808354,-1.0339233,-1.0339233
917,-0.58111143,-0.8705023,0.08353808353808354,-1.0339233,-1.0339233
918,-0.58111143,-0.8705023,0.08353808353808354,-1.0339233,-1.0339233
919,-0.58111143,-0.8705023,0.08353808353808354,-1.0339233,-1.0339233
920,-0.58111143,-0.8705023,0.08353808353808354,-1.0339233,-1.0339233
921,-0.58111143,-0.8705023,0.08353808353808354,-1.0339233,-1.0339233
922,-0.58588386,-0.86923826,0.06766917293233082,-1.1167762,-1.1167762
923,-0.58588386,-0.86923826,0.06766917293233082,-1.1167762,-1.1167762
924,-0.58588386,-0.86923826,0.06766917293233082,-1.1167762,-1.1167762
925,-0.58588386,-0.86923826,0.06766917293233082,-1.1167762,-1.1167762
926,-0.58588386,-0.86923826,0.06766917293233082,-1.1167762,-1.1167762
927,-0.58588386,-0.86923826,0.06766917293233082,-1.1167762,-1.1167762
928,-0.58588386,-0.86923826,0.06766917293233082,-1.1167762,-1.1167762
929,-0.58588386,-0.86923826,0.06766917293233082,-1.1167762,-1.1167762
930,-0.58588386,-0.86923826,0.06766917293233082,-1.1167762,-1.1167762
931,-0.58588386,-0.86923826,0.06766917293233082,-1.1167762,-1.1167762
932,-0.58588386,-0.86923826,0.06766917293233082,-1.1167762,-1.1167762
933,-0.58588386,-0.86923826,0.06766917293233082,-1.1167762,-1.1167762
934,-0.58588386,-0.86923826,0.06766917293233082,-1.1167762,-1.1167762
935,-0.5866145,-0.8681708,0.0665024630541872,-1.122273,-1.122273
936,-0.6004486,-0.8796454,0.06733167082294264,-1.1434356,-1.1434356
937,-0.6004486,-0.8796454,0.06733167082294264,-1.1434356,-1.1434356
938,-0.599416,-0.8798773,0.06666666666666667,-1.14596,-1.14596
939,-0.6123656,-0.8807081,0.03970223325062035,-1.2945626,-1.2945626
940,-0.6123656,-0.8807081,0.03970223325062035,-1.2945626,-1.2945626
941,-0.6123656,-0.8807081,0.03970223325062035,-1.2945626,-1.2945626
942,-0.61826205,-0.8833675,0.03950617283950617,-1.3040987,-1.3040987
943,-0.61826205,-0.8833675,0.03950617283950617,-1.3040987,-1.3040987
944,-0.61826205,-0.8833675,0.03950617283950617,-1.3040987,-1.3040987
945,-0.61826205,-0.8833675,0.03950617283950617,-1.3040987,-1.3040987
946,-0.61826205,-0.8833675,0.03950617283950617,-1.3040987,-1.3040987
947,-0.61826205,-0.8833675,0.03950617283950617,-1.3040987,-1.3040987
948,-0.61826205,-0.8833675,0.03950617283950617,-1.3040987,-1.3040987
949,-0.61826205,-0.8833675,0.03950617283950617,-1.3040987,-1.3040987
950,-0.61826205,-0.8833675,0.03950617283950617,-1.3040987,-1.3040987
951,-0.61826205,-0.8833675,0.03950617283950617,-1.3040987,-1.3040987
952,-0.61826205,-0.8833675,0.03950617283950617,-1.3040987,-1.3040987
953,-0.61826205,-0.8833675,0.03950617283950617,-1.3040987,-1.3040987
954,-0.61826205,-0.8833675,0.03950617283950617,-1.3040987,-1.3040987
955,-0.61826205,-0.8833675,0.03950617283950617,-1.3040987,-1.3040987
956,-0.61826205,-0.8833675,0.03950617283950617,-1.3040987,-1.3040987
957,-0.61826205,-0.8833675,0.03950617283950617,-1.3040987,-1.3040987
958,-0.61826205,-0.8833675,0.03950617283950617,-1.3040987,-1.3040987
959,-0.61826205,-0.8833675,0.03950617283950617,-1.3040987,-1.3040987
960,-0.61826205,-0.8833675,0.03950617283950617,-1.3040987,-1.3040987
961,-0.61826205,-0.8833675,0.03950617283950617,-1.3040987,-1.3040987
962,-0.61826205,-0.8833675,0.03950617283950617,-1.3040987,-1.3040987
963,-0.61826205,-0.8833675,0.03950617283950617,-1.3040987,-1.3040987
964,-0.61826205,-0.8833675,0.03950617283950617,-1.3040987,-1.3040987
965,-0.61826205,-0.8833675,0.03950617283950617,-1.3040987,-1.3040987
966,-0.61826205,-0.8833675,0.03950617283950617,-1.3040987,-1.3040987
967,-0.61826205,-0.8833675,0.03950617283950617,-1.3040987,-1.3040987
968,-0.61826205,-0.8833675,0.03950617283950617,-1.3040987,-1.3040987
969,-0.60852945,-0.8956579,0.038834951456310676,-1.3100126,-1.3100126
970,-0.60852945,-0.8956579,0.038834951456310676,-1.3100126,-1.3100126
971,-0.61388266,-0.9018168,0.038461538461538464,-1.3233917,-1.3233917
972,-0.61388266,-0.9018168,0.038461538461538464,-1.3233917,-1.3233917
973,-0.61388266,-0.9018168,0.038461538461538464,-1.3233917,-1.3233917
974,-0.61388266,-0.9018168,0.038461538461538464,-1.3233917,-1.3233917
975,-0.61388266,-0.9018168,0.038461538461538464,-1.3233917,-1.3233917
976,-0.61388266,-0.9018168,0.038461538461538464,-1.3233917,-1.3233917
977,-0.61388266,-0.9018168,0.038461538461538464,-1.3233917,-1.3233917
978,-0.61388266,-0.9018168,0.038461538461538464,-1.3233917,-1.3233917
979,-0.61388266,-0.9018168,0.038461538461538464,-1.3233917,-1.3233917
980,-0.61388266,-0.9018168,0.038461538461538464,-1.3233917,-1.3233917
981,-0.61388266,-0.9018168,0.038461538461538464,-1.3233917,-1.3233917
982,-0.61388266,-0.9018168,0.038461538461538464,-1.3233917,-1.3233917
983,-0.61388266,-0.9018168,0.038461538461538464,-1.3233917,-1.3233917
984,-0.61388266,-0.9018168,0.038461538461538464,-1.3233917,-1.3233917
985,-0.61388266,-0.9018168,0.038461538461538464,-1.3233917,-1.3233917
986,-0.61388266,-0.9018168,0.038461538461538464,-1.3233917,-1.3233917
987,-0.61388266,-0.9018168,0.038461538461538464,-1.3233917,-1.3233917
988,-0.61388266,-0.9018168,0.038461538461538464,-1.3233917,-1.3233917
989,-0.6219778,-0.89793116,0.03864734299516908,-1.3266722,-1.3266722
990,-0.6219778,-0.89793116,0.03864734299516908,-1.3266722,-1.3266722
991,-0.6219778,-0.89793116,0.03864734299516908,-1.3266722,-1.3266722
992,-0.6219778,-0.89793116,0.03864734299516908,-1.3266722,-1.3266722
993,-0.6219778,-0.89793116,0.03864734299516908,-1.3266722,-1.3266722
994,-0.6219778,-0.89793116,0.03864734299516908,-1.3266722,-1.3266722
995,-0.6219778,-0.89793116,0.03864734299516908,-1.3266722,-1.3266722
996,-0.6219778,-0.89793116,0.03864734299516908,-1.3266722,-1.3266722
997,-0.6219778,-0.89793116,0.03864734299516908,-1.3266722,-1.3266722
998,-0.6219778,-0.89793116,0.03864734299516908,-1.3266722,-1.3266722
999,-0.6219778,-0.89793116,0.03864734299516908,-1.3266722,-1.3266722
1000,-0.6219778,-0.89793116,0.03864734299516908,-1.3266722,-1.3266722
